"cityid","city","iscity","regionid","provid","isactive","psgc_code"
"1","Adams","0","3","7","1","012801000"
"2","Bacarra","0","3","7","1","012802000"
"3","Badoc","0","3","7","1","012803000"
"4","Bangui","0","3","7","1","012804000"
"5","City of Batac","1","3","7","1","012805000"
"6","Burgos","1","3","7","1","012806000"
"7","Carasi","0","3","7","1","012807000"
"8","Currimao","0","3","7","1","012808000"
"9","Dingras","0","3","7","1","012809000"
"10","Dumalneg","0","3","7","1","012810000"
"11","Banna (Espiritu)","0","3","7","1","012811000"
"12","LAOAG CITY (Capital)","1","3","7","1","012812000"
"13","Marcos","0","3","7","1","012813000"
"14","Nueva Era","0","3","7","1","012814000"
"15","Pagudpud","0","3","7","1","012815000"
"16","Paoay","0","3","7","1","012816000"
"17","PASUQUIN","0","3","7","1","012817000"
"18","PIDDIG","0","3","7","1","012818000"
"19","PINILI","0","3","7","1","012819000"
"20","SAN NICOLAS","0","3","7","1","012820000"
"21","SARRAT","0","3","7","1","012821000"
"22","SOLSONA","0","3","7","1","012822000"
"23","VINTAR","0","3","7","1","012823000"
"24","ALILEM","0","3","8","1","012901000"
"25","BANAYOYO","0","3","8","1","012902000"
"26","Bantay","0","3","8","1","012903000"
"27","Burgos","0","3","8","1","012904000"
"28","CABUGAO","0","3","8","1","012905000"
"29","CITY OF CANDON","1","3","8","1","012906000"
"30","CAOAYAN","0","3","8","1","012907000"
"31","CERVANTES","0","3","8","1","012908000"
"32","GALIMUYOD","0","3","8","1","012909000"
"33","GREGORIO DEL PILAR (CONCEPCION)","0","3","8","1","012910000"
"34","LIDLIDDA","0","3","8","1","012911000"
"35","MAGSINGAL","0","3","8","1","012912000"
"36","NAGBUKEL","0","3","8","1","012913000"
"37","NARVACAN","0","3","8","1","012914000"
"38","QUIRINO (ANGKAKI)","0","3","8","1","012915000"
"39","SALCEDO (BAUGEN)","0","3","8","1","012916000"
"40","SAN EMILIO","0","3","8","1","012917000"
"41","SAN ESTEBAN","0","3","8","1","012918000"
"42","SAN ILDEFONSO","0","3","8","1","012919000"
"43","SAN JUAN (LAPOG)","0","3","8","1","012920000"
"44","SAN VICENTE","0","3","8","1","012921000"
"45","SANTA","0","3","8","1","012922000"
"46","SANTA CATALINA","0","3","8","1","012923000"
"47","SANTA CRUZ","0","3","8","1","012924000"
"48","SANTA LUCIA","0","3","8","1","012925000"
"49","SANTA MARIA","0","3","8","1","012926000"
"50","SANTIAGO","0","3","8","1","012927000"
"51","SANTO DOMINGO","0","3","8","1","012928000"
"52","SIGAY","0","3","8","1","012929000"
"53","SINAIT","0","3","8","1","012930000"
"54","SUGPON","0","3","8","1","012931000"
"55","SUYO","0","3","8","1","012932000"
"56","TAGUDIN","0","3","8","1","012933000"
"57","CITY OF VIGAN (Capital)","1","3","8","1","012934000"
"58","AGOO","0","3","9","1","013301000"
"59","ARINGAY","0","3","9","1","013302000"
"60","BACNOTAN","0","3","9","1","013303000"
"61","BAGULIN","0","3","9","1","013304000"
"62","BALAOAN","0","3","9","1","013305000"
"63","BANGAR","0","3","9","1","013306000"
"64","BAUANG","0","3","9","1","013307000"
"65","BURGOS","0","3","9","1","013308000"
"66","CABA","0","3","9","1","013309000"
"67","LUNA","0","3","9","1","013310000"
"68","NAGUILIAN","0","3","9","1","013311000"
"69","PUGO","0","3","9","1","013312000"
"70","ROSARIO","0","3","9","1","013313000"
"71","CITY OF SAN FERNANDO (Capital)","1","3","9","1","013314000"
"72","SAN GABRIEL","0","3","9","1","013315000"
"73","SAN JUAN","0","3","9","1","013316000"
"74","SANTO TOMAS","0","3","9","1","013317000"
"75","SANTOL","0","3","9","1","013318000"
"76","SUDIPEN","0","3","9","1","013319000"
"77","TUBAO","0","3","9","1","013320000"
"78","AGNO","0","3","10","1","015501000"
"79","AGUILAR","0","3","10","1","015502000"
"80","CITY OF ALAMINOS","1","3","10","1","015503000"
"81","ALCALA","0","3","10","1","015504000"
"82","ANDA","0","3","10","1","015505000"
"83","ASINGAN","0","3","10","1","015506000"
"84","BALUNGAO","0","3","10","1","015507000"
"85","BANI","0","3","10","1","015508000"
"86","BASISTA","0","3","10","1","015509000"
"87","BAUTISTA","0","3","10","1","015510000"
"88","BAYAMBANG","0","3","10","1","015511000"
"89","BINALONAN","0","3","10","1","015512000"
"90","BINMALEY","0","3","10","1","015513000"
"91","BOLINAO","0","3","10","1","015514000"
"92","BUGALLON","0","3","10","1","015515000"
"93","BURGOS","0","3","10","1","015516000"
"94","CALASIAO","0","3","10","1","015517000"
"95","DAGUPAN CITY","1","3","10","1","015518000"
"96","DASOL","0","3","10","1","015519000"
"97","INFANTA","0","3","10","1","015520000"
"98","LABRADOR","0","3","10","1","015521000"
"99","LINGAYEN (Capital)","0","3","10","1","015522000"
"100","MABINI","0","3","10","1","015523000"
"101","MALASIQUI","0","3","10","1","015524000"
"102","MANAOAG","0","3","10","1","015525000"
"103","MANGALDAN","0","3","10","1","015526000"
"104","MANGATAREM","0","3","10","1","015527000"
"105","MAPANDAN","0","3","10","1","015528000"
"106","NATIVIDAD","0","3","10","1","015529000"
"107","POZORRUBIO","0","3","10","1","015530000"
"108","ROSALES","0","3","10","1","015531000"
"109","SAN CARLOS CITY","1","3","10","1","015532000"
"110","SAN FABIAN","0","3","10","1","015533000"
"111","SAN JACINTO","0","3","10","1","015534000"
"112","SAN MANUEL","0","3","10","1","015535000"
"113","SAN NICOLAS","0","3","10","1","015536000"
"114","SAN QUINTIN","0","3","10","1","015537000"
"115","SANTA BARBARA","0","3","10","1","015538000"
"116","SANTA MARIA","0","3","10","1","015539000"
"117","SANTO TOMAS","0","3","10","1","015540000"
"118","SISON","0","3","10","1","015541000"
"119","SUAL","0","3","10","1","015542000"
"120","TAYUG","0","3","10","1","015543000"
"121","UMINGAN","0","3","10","1","015544000"
"122","URBIZTONDO","0","3","10","1","015545000"
"123","CITY OF URDANETA","1","3","10","1","015546000"
"124","VILLASIS","0","3","10","1","015547000"
"125","LAOAC","0","3","10","1","015548000"
"126","BASCO (Capital)","0","4","11","1","020901000"
"127","ITBAYAT","0","4","11","1","020902000"
"128","IVANA","0","4","11","1","020903000"
"129","MAHATAO","0","4","11","1","020904000"
"130","SABTANG","0","4","11","1","020905000"
"131","UYUGAN","0","4","11","1","020906000"
"132","ABULUG","0","4","12","1","021501000"
"133","ALCALA","0","4","12","1","021502000"
"134","ALLACAPAN","0","4","12","1","021503000"
"135","AMULUNG","0","4","12","1","021504000"
"136","APARRI","0","4","12","1","021505000"
"137","BAGGAO","0","4","12","1","021506000"
"138","BALLESTEROS","0","4","12","1","021507000"
"139","BUGUEY","0","4","12","1","021508000"
"140","CALAYAN","0","4","12","1","021509000"
"141","CAMALANIUGAN","0","4","12","1","021510000"
"142","CLAVERIA","0","4","12","1","021511000"
"143","ENRILE","0","4","12","1","021512000"
"144","GATTARAN","0","4","12","1","021513000"
"145","GONZAGA","0","4","12","1","021514000"
"146","IGUIG","0","4","12","1","021515000"
"147","LAL-LO","0","4","12","1","021516000"
"148","LASAM","0","4","12","1","021517000"
"149","PAMPLONA","0","4","12","1","021518000"
"150","PENABLANCA","0","4","12","1","021519000"
"151","PIAT","0","4","12","1","021520000"
"152","RIZAL","0","4","12","1","021521000"
"153","SANCHEZ-MIRA","0","4","12","1","021522000"
"154","SANTA ANA","0","4","12","1","021523000"
"155","SANTA PRAXEDES","0","4","12","1","021524000"
"156","SANTA TERESITA","0","4","12","1","021525000"
"157","SANTO NI","0","4","12","1","021526000"
"158","SOLANA","0","4","12","1","021527000"
"159","TUAO","0","4","12","1","021528000"
"160","TUGUEGARAO CITY (Capital)","1","4","12","1","021529000"
"161","ALICIA","0","4","13","1","023101000"
"162","ANGADANAN","0","4","13","1","023102000"
"163","AURORA","0","4","13","1","023103000"
"164","BENITO SOLIVEN","0","4","13","1","023104000"
"165","BURGOS","0","4","13","1","023105000"
"166","CABAGAN","0","4","13","1","023106000"
"167","CABATUAN","0","4","13","1","023107000"
"168","CITY OF CAUAYAN","1","4","13","1","023108000"
"169","CORDON","0","4","13","1","023109000"
"170","DINAPIGUE","0","4","13","1","023110000"
"171","DIVILACAN","0","4","13","1","023111000"
"172","ECHAGUE","0","4","13","1","023112000"
"173","GAMU","0","4","13","1","023113000"
"174","ILAGAN CITY(Capital)","1","4","13","1","023114000"
"175","JONES","0","4","13","1","023115000"
"176","LUNA","0","4","13","1","023116000"
"177","MACONACON","0","4","13","1","023117000"
"178","DELFIN ALBANO (MAGSAYSAY)","0","4","13","1","023118000"
"179","MALLIG","0","4","13","1","023119000"
"180","NAGUILIAN","0","4","13","1","023120000"
"181","PALANAN","0","4","13","1","023121000"
"182","QUEZON","0","4","13","1","023122000"
"183","QUIRINO","0","4","13","1","023123000"
"184","RAMON","0","4","13","1","023124000"
"185","REINA MERCEDES","0","4","13","1","023125000"
"186","ROXAS","0","4","13","1","023126000"
"187","SAN AGUSTIN","0","4","13","1","023127000"
"188","SAN GUILLERMO","0","4","13","1","023128000"
"189","SAN ISIDRO","0","4","13","1","023129000"
"190","SAN MANUEL","0","4","13","1","023130000"
"191","SAN MARIANO","0","4","13","1","023131000"
"192","SAN MATEO","0","4","13","1","023132000"
"193","SAN PABLO","0","4","13","1","023133000"
"194","SANTA MARIA","0","4","13","1","023134000"
"195","CITY OF SANTIAGO","1","4","13","1","023135000"
"196","SANTO TOMAS","0","4","13","1","023136000"
"197","TUMAUINI","0","4","13","1","023137000"
"198","AMBAGUIO","0","4","15","1","025001000"
"199","ARITAO","0","4","15","1","025002000"
"200","BAGABAG","0","4","15","1","025003000"
"201","BAMBANG","0","4","15","1","025004000"
"202","BAYOMBONG (Capital)","0","4","15","1","025005000"
"203","DIADI","0","4","15","1","025006000"
"204","DUPAX DEL NORTE","0","4","15","1","025007000"
"205","DUPAX DEL SUR","0","4","15","1","025008000"
"206","KASIBU","0","4","15","1","025009000"
"207","KAYAPA","0","4","15","1","025010000"
"208","QUEZON","0","4","15","1","025011000"
"209","SANTA FE","0","4","15","1","025012000"
"210","SOLANO","0","4","15","1","025013000"
"211","VILLAVERDE","0","4","15","1","025014000"
"212","ALFONSO CASTANEDA","0","4","15","1","025015000"
"213","AGLIPAY","0","4","14","1","025701000"
"214","CABARROGUIS (Capital)","0","4","14","1","025702000"
"215","DIFFUN","0","4","14","1","025703000"
"216","MADDELA","0","4","14","1","025704000"
"217","SAGUDAY","0","4","14","1","025705000"
"218","NAGTIPUNAN","0","4","14","1","025706000"
"219","ABUCAY","0","5","17","1","030801000"
"220","BAGAC","0","5","17","1","030802000"
"221","CITY OF BALANGA (Capital)","1","5","17","1","030803000"
"222","DINALUPIHAN","0","5","17","1","030804000"
"223","HERMOSA","0","5","17","1","030805000"
"224","LIMAY","0","5","17","1","030806000"
"225","MARIVELES","0","5","17","1","030807000"
"226","MORONG","0","5","17","1","030808000"
"227","ORANI","0","5","17","1","030809000"
"228","ORION","0","5","17","1","030810000"
"229","PILAR","0","5","17","1","030811000"
"230","SAMAL","0","5","17","1","030812000"
"231","ANGAT","0","5","18","1","031401000"
"232","BALAGTAS (BIGAA)","0","5","18","1","031402000"
"233","BALIUAG","0","5","18","1","031403000"
"234","BOCAUE","0","5","18","1","031404000"
"235","BULACAN","0","5","18","1","031405000"
"236","BUSTOS","0","5","18","1","031406000"
"237","CALUMPIT","0","5","18","1","031407000"
"238","GUIGUINTO","0","5","18","1","031408000"
"239","HAGONOY","0","5","18","1","031409000"
"240","CITY OF MALOLOS (Capital)","1","5","18","1","031410000"
"241","MARILAO","0","5","18","1","031411000"
"242","CITY OF MEYCAUAYAN","1","5","18","1","031412000"
"243","NORZAGARAY","0","5","18","1","031413000"
"244","OBANDO","0","5","18","1","031414000"
"245","PANDI","0","5","18","1","031415000"
"246","PAOMBONG","0","5","18","1","031416000"
"247","PLARIDEL","0","5","18","1","031417000"
"248","PULILAN","0","5","18","1","031418000"
"249","SAN ILDEFONSO","0","5","18","1","031419000"
"250","CITY OF SAN JOSE DEL MONTE","1","5","18","1","031420000"
"251","SAN MIGUEL","0","5","18","1","031421000"
"252","SAN RAFAEL","0","5","18","1","031422000"
"253","SANTA MARIA","0","5","18","1","031423000"
"254","DO","0","5","18","1","031424000"
"255","ALIAGA","0","5","19","1","034901000"
"256","BONGABON","0","5","19","1","034902000"
"257","CABANATUAN CITY","1","5","19","1","034903000"
"258","CABIAO","0","5","19","1","034904000"
"259","CARRANGLAN","0","5","19","1","034905000"
"260","CUYAPO","0","5","19","1","034906000"
"261","GABALDON (BITULOK & SABANI)","0","5","19","1","034907000"
"262","CITY OF GAPAN","1","5","19","1","034908000"
"263","GENERAL MAMERTO NATIVIDAD","0","5","19","1","034909000"
"264","GENERAL TINIO (PAPAYA)","0","5","19","1","034910000"
"265","GUIMBA","0","5","19","1","034911000"
"266","JAEN","0","5","19","1","034912000"
"267","LAUR","0","5","19","1","034913000"
"268","LICAB","0","5","19","1","034914000"
"269","LLANERA","0","5","19","1","034915000"
"270","LUPAO","0","5","19","1","034916000"
"271","SCIENCE CITY OF MUNOZ","1","5","19","1","034917000"
"272","NAMPICUAN","0","5","19","1","034918000"
"273","PALAYAN CITY (Capital)","1","5","19","1","034919000"
"274","PANTABANGAN","0","5","19","1","034920000"
"275","PENARANDA","0","5","19","1","034921000"
"276","QUEZON","0","5","19","1","034922000"
"277","RIZAL","0","5","19","1","034923000"
"278","SAN ANTONIO","0","5","19","1","034924000"
"279","SAN ISIDRO","0","5","19","1","034925000"
"280","SAN JOSE CITY","1","5","19","1","034926000"
"281","SAN LEONARDO","0","5","19","1","034927000"
"282","SANTA ROSA","0","5","19","1","034928000"
"283","SANTO DOMINGO","0","5","19","1","034929000"
"284","TALAVERA","0","5","19","1","034930000"
"285","TALUGTUG","0","5","19","1","034931000"
"286","ZARAGOZA","0","5","19","1","034932000"
"287","ANGELES CITY","1","5","20","1","035401000"
"288","APALIT","0","5","20","1","035402000"
"289","ARAYAT","0","5","20","1","035403000"
"290","BACOLOR","0","5","20","1","035404000"
"291","CANDABA","0","5","20","1","035405000"
"292","FLORIDABLANCA","0","5","20","1","035406000"
"293","GUAGUA","0","5","20","1","035407000"
"294","LUBAO","0","5","20","1","035408000"
"295","MABALACAT CITY","1","5","20","1","035409000"
"296","MACABEBE","0","5","20","1","035410000"
"297","MAGALANG","0","5","20","1","035411000"
"298","MASANTOL","0","5","20","1","035412000"
"299","MEXICO","0","5","20","1","035413000"
"300","MINALIN","0","5","20","1","035414000"
"301","PORAC","0","5","20","1","035415000"
"302","CITY OF SAN FERNANDO (Capital)","1","5","20","1","035416000"
"303","SAN LUIS","0","5","20","1","035417000"
"304","SAN SIMON","0","5","20","1","035418000"
"305","SANTA ANA","0","5","20","1","035419000"
"306","SANTA RITA","0","5","20","1","035420000"
"307","SANTO TOMAS","0","5","20","1","035421000"
"308","SASMUAN (Sexmoan)","0","5","20","1","035422000"
"309","ANAO","0","5","21","1","036901000"
"310","BAMBAN","0","5","21","1","036902000"
"311","CAMILING","0","5","21","1","036903000"
"312","CAPAS","0","5","21","1","036904000"
"313","CONCEPCION","0","5","21","1","036905000"
"314","GERONA","0","5","21","1","036906000"
"315","LA PAZ","0","5","21","1","036907000"
"316","MAYANTOC","0","5","21","1","036908000"
"317","MONCADA","0","5","21","1","036909000"
"318","PANIQUI","0","5","21","1","036910000"
"319","PURA","0","5","21","1","036911000"
"320","RAMOS","0","5","21","1","036912000"
"321","SAN CLEMENTE","0","5","21","1","036913000"
"322","SAN MANUEL","0","5","21","1","036914000"
"323","SANTA IGNACIA","0","5","21","1","036915000"
"324","CITY OF TARLAC (Capital)","1","5","21","1","036916000"
"325","VICTORIA","0","5","21","1","036917000"
"326","SAN JOSE","0","5","21","1","036918000"
"327","BOTOLAN","0","5","22","1","037101000"
"328","CABANGAN","0","5","22","1","037102000"
"329","CANDELARIA","0","5","22","1","037103000"
"330","CASTILLEJOS","0","5","22","1","037104000"
"331","IBA (Capital)","0","5","22","1","037105000"
"332","MASINLOC","0","5","22","1","037106000"
"333","OLONGAPO CITY","1","5","22","1","037107000"
"334","PALAUIG","0","5","22","1","037108000"
"335","SAN ANTONIO","0","5","22","1","037109000"
"336","SAN FELIPE","0","5","22","1","037110000"
"337","SAN MARCELINO","0","5","22","1","037111000"
"338","SAN NARCISO","0","5","22","1","037112000"
"339","SANTA CRUZ","0","5","22","1","037113000"
"340","SUBIC","0","5","22","1","037114000"
"341","BALER (Capital)","0","5","16","1","037701000"
"342","CASIGURAN","0","5","16","1","037702000"
"343","DILASAG","0","5","16","1","037703000"
"344","DINALUNGAN","0","5","16","1","037704000"
"345","DINGALAN","0","5","16","1","037705000"
"346","DIPACULAO","0","5","16","1","037706000"
"347","MARIA AURORA","0","5","16","1","037707000"
"348","SAN LUIS","0","5","16","1","037708000"
"349","AGONCILLO","0","6","23","1","041001000"
"350","ALITAGTAG","0","6","23","1","041002000"
"351","BALAYAN","0","6","23","1","041003000"
"352","BALETE","0","6","23","1","041004000"
"353","BATANGAS CITY (Capital)","1","6","23","1","041005000"
"354","BAUAN","0","6","23","1","041006000"
"355","CALACA","0","6","23","1","041007000"
"356","CALATAGAN","0","6","23","1","041008000"
"357","CUENCA","0","6","23","1","041009000"
"358","IBAAN","0","6","23","1","041010000"
"359","LAUREL","0","6","23","1","041011000"
"360","LEMERY","0","6","23","1","041012000"
"361","LIAN","0","6","23","1","041013000"
"362","LIPA CITY","1","6","23","1","041014000"
"363","LOBO","0","6","23","1","041015000"
"364","MABINI","0","6","23","1","041016000"
"365","MALVAR","0","6","23","1","041017000"
"366","MATAASNAKAHOY","0","6","23","1","041018000"
"367","NASUGBU","0","6","23","1","041019000"
"368","PADRE GARCIA","0","6","23","1","041020000"
"369","ROSARIO","0","6","23","1","041021000"
"370","SAN JOSE","0","6","23","1","041022000"
"371","SAN JUAN","0","6","23","1","041023000"
"372","SAN LUIS","0","6","23","1","041024000"
"373","SAN NICOLAS","0","6","23","1","041025000"
"374","SAN PASCUAL","0","6","23","1","041026000"
"375","SANTA TERESITA","0","6","23","1","041027000"
"376","SANTO TOMAS","0","6","23","1","041028000"
"377","TAAL","0","6","23","1","041029000"
"378","TALISAY","0","6","23","1","041030000"
"379","CITY OF TANAUAN","1","6","23","1","041031000"
"380","TAYSAN","0","6","23","1","041032000"
"381","TINGLOY","0","6","23","1","041033000"
"382","TUY","0","6","23","1","041034000"
"383","ALFONSO","0","6","24","1","042101000"
"384","AMADEO","0","6","24","1","042102000"
"385","BACOOR CITY","1","6","24","1","042103000"
"386","CARMONA","0","6","24","1","042104000"
"387","CAVITE CITY","1","6","24","1","042105000"
"388","CITY OF DASMARI","1","6","24","1","042106000"
"389","GENERAL EMILIO AGUINALDO","0","6","24","1","042107000"
"390","GENERAL TRIAS","0","6","24","1","042108000"
"391","IMUS CITY","1","6","24","1","042109000"
"392","INDANG","0","6","24","1","042110000"
"393","KAWIT","0","6","24","1","042111000"
"394","MAGALLANES","0","6","24","1","042112000"
"395","MARAGONDON","0","6","24","1","042113000"
"396","MENDEZ (MENDEZ-NU","0","6","24","1","042114000"
"397","NAIC","0","6","24","1","042115000"
"398","NOVELETA","0","6","24","1","042116000"
"399","ROSARIO","0","6","24","1","042117000"
"400","SILANG","0","6","24","1","042118000"
"401","TAGAYTAY CITY","1","6","24","1","042119000"
"402","TANZA","0","6","24","1","042120000"
"403","TERNATE","0","6","24","1","042121000"
"404","TRECE MARTIRES CITY (Capital)","1","6","24","1","042122000"
"405","GEN. MARIANO ALVAREZ","0","6","24","1","042123000"
"406","ALAMINOS","0","6","25","1","043401000"
"407","BAY","0","6","25","1","043402000"
"408","CITY OF BINAN","1","6","25","1","043403000"
"409","CABUYAO CITY","1","6","25","1","043404000"
"410","CITY OF CALAMBA","1","6","25","1","043405000"
"411","CALAUAN","0","6","25","1","043406000"
"412","CAVINTI","0","6","25","1","043407000"
"413","FAMY","0","6","25","1","043408000"
"414","KALAYAAN","0","6","25","1","043409000"
"415","LILIW","0","6","25","1","043410000"
"416","LOS BA","0","6","25","1","043411000"
"417","LUISIANA","0","6","25","1","043412000"
"418","LUMBAN","0","6","25","1","043413000"
"419","MABITAC","0","6","25","1","043414000"
"420","MAGDALENA","0","6","25","1","043415000"
"421","MAJAYJAY","0","6","25","1","043416000"
"422","NAGCARLAN","0","6","25","1","043417000"
"423","PAETE","0","6","25","1","043418000"
"424","PAGSANJAN","0","6","25","1","043419000"
"425","PAKIL","0","6","25","1","043420000"
"426","PANGIL","0","6","25","1","043421000"
"427","PILA","0","6","25","1","043422000"
"428","RIZAL","0","6","25","1","043423000"
"429","SAN PABLO CITY","1","6","25","1","043424000"
"430","CITY OF SAN PEDRO","1","6","25","1","043425000"
"431","SANTA CRUZ (Capital)","0","6","25","1","043426000"
"432","SANTA MARIA","0","6","25","1","043427000"
"433","CITY OF SANTA ROSA","1","6","25","1","043428000"
"434","SINILOAN","0","6","25","1","043429000"
"435","VICTORIA","0","6","25","1","043430000"
"436","AGDANGAN","0","6","26","1","045601000"
"437","ALABAT","0","6","26","1","045602000"
"438","ATIMONAN","0","6","26","1","045603000"
"439","BUENAVISTA","0","6","26","1","045605000"
"440","BURDEOS","0","6","26","1","045606000"
"441","CALAUAG","0","6","26","1","045607000"
"442","CANDELARIA","0","6","26","1","045608000"
"443","CATANAUAN","0","6","26","1","045610000"
"444","DOLORES","0","6","26","1","045615000"
"445","GENERAL LUNA","0","6","26","1","045616000"
"446","GENERAL NAKAR","0","6","26","1","045617000"
"447","GUINAYANGAN","0","6","26","1","045618000"
"448","GUMACA","0","6","26","1","045619000"
"449","INFANTA","0","6","26","1","045620000"
"450","JOMALIG","0","6","26","1","045621000"
"451","LOPEZ","0","6","26","1","045622000"
"452","LUCBAN","0","6","26","1","045623000"
"453","LUCENA CITY (Capital)","1","6","26","1","045624000"
"454","MACALELON","0","6","26","1","045625000"
"455","MAUBAN","0","6","26","1","045627000"
"456","MULANAY","0","6","26","1","045628000"
"457","PADRE BURGOS","0","6","26","1","045629000"
"458","PAGBILAO","0","6","26","1","045630000"
"459","PANUKULAN","0","6","26","1","045631000"
"460","PATNANUNGAN","0","6","26","1","045632000"
"461","PEREZ","0","6","26","1","045633000"
"462","PITOGO","0","6","26","1","045634000"
"463","PLARIDEL","0","6","26","1","045635000"
"464","POLILLO","0","6","26","1","045636000"
"465","QUEZON","0","6","26","1","045637000"
"466","REAL","0","6","26","1","045638000"
"467","SAMPALOC","0","6","26","1","045639000"
"468","SAN ANDRES","0","6","26","1","045640000"
"469","SAN ANTONIO","0","6","26","1","045641000"
"470","SAN FRANCISCO (AURORA)","0","6","26","1","045642000"
"471","SAN NARCISO","0","6","26","1","045644000"
"472","SARIAYA","0","6","26","1","045645000"
"473","TAGKAWAYAN","0","6","26","1","045646000"
"474","CITY OF TAYABAS","1","6","26","1","045647000"
"475","TIAONG","0","6","26","1","045648000"
"476","UNISAN","0","6","26","1","045649000"
"477","ANGONO","0","6","27","1","045801000"
"478","CITY OF ANTIPOLO","1","6","27","1","045802000"
"479","BARAS","0","6","27","1","045803000"
"480","BINANGONAN","0","6","27","1","045804000"
"481","CAINTA","0","6","27","1","045805000"
"482","CARDONA","0","6","27","1","045806000"
"483","JALA-JALA","0","6","27","1","045807000"
"484","RODRIGUEZ (MONTALBAN)","0","6","27","1","045808000"
"485","MORONG","0","6","27","1","045809000"
"486","PILILLA","0","6","27","1","045810000"
"487","SAN MATEO","0","6","27","1","045811000"
"488","TANAY","0","6","27","1","045812000"
"489","TAYTAY","0","6","27","1","045813000"
"490","TERESA","0","6","27","1","045814000"
"491","BACACAY","0","8","33","1","050501000"
"492","CAMALIG","0","8","33","1","050502000"
"493","DARAGA (LOCSIN)","0","8","33","1","050503000"
"494","GUINOBATAN","0","8","33","1","050504000"
"495","JOVELLAR","0","8","33","1","050505000"
"496","LEGAZPI CITY (Capital)","1","8","33","1","050506000"
"497","LIBON","0","8","33","1","050507000"
"498","CITY OF LIGAO","1","8","33","1","050508000"
"499","MALILIPOT","0","8","33","1","050509000"
"500","MALINAO","0","8","33","1","050510000"
"501","MANITO","0","8","33","1","050511000"
"502","OAS","0","8","33","1","050512000"
"503","PIO DURAN","0","8","33","1","050513000"
"504","POLANGUI","0","8","33","1","050514000"
"505","RAPU-RAPU","0","8","33","1","050515000"
"506","SANTO DOMINGO (LIBOG)","0","8","33","1","050516000"
"507","CITY OF TABACO","1","8","33","1","050517000"
"508","TIWI","0","8","33","1","050518000"
"509","BASUD","0","8","34","1","051601000"
"510","CAPALONGA","0","8","34","1","051602000"
"511","DAET (Capital)","0","8","34","1","051603000"
"512","SAN LORENZO RUIZ (IMELDA)","0","8","34","1","051604000"
"513","JOSE PANGANIBAN","0","8","34","1","051605000"
"514","LABO","0","8","34","1","051606000"
"515","MERCEDES","0","8","34","1","051607000"
"516","PARACALE","0","8","34","1","051608000"
"517","SAN VICENTE","0","8","34","1","051609000"
"518","SANTA ELENA","0","8","34","1","051610000"
"519","TALISAY","0","8","34","1","051611000"
"520","VINZONS","0","8","34","1","051612000"
"521","BAAO","0","8","35","1","051701000"
"522","BALATAN","0","8","35","1","051702000"
"523","BATO","0","8","35","1","051703000"
"524","BOMBON","0","8","35","1","051704000"
"525","BUHI","0","8","35","1","051705000"
"526","BULA","0","8","35","1","051706000"
"527","CABUSAO","0","8","35","1","051707000"
"528","CALABANGA","0","8","35","1","051708000"
"529","CAMALIGAN","0","8","35","1","051709000"
"530","CANAMAN","0","8","35","1","051710000"
"531","CARAMOAN","0","8","35","1","051711000"
"532","DEL GALLEGO","0","8","35","1","051712000"
"533","GAINZA","0","8","35","1","051713000"
"534","GARCHITORENA","0","8","35","1","051714000"
"535","GOA","0","8","35","1","051715000"
"536","IRIGA CITY","1","8","35","1","051716000"
"537","LAGONOY","0","8","35","1","051717000"
"538","LIBMANAN","0","8","35","1","051718000"
"539","LUPI","0","8","35","1","051719000"
"540","MAGARAO","0","8","35","1","051720000"
"541","MILAOR","0","8","35","1","051721000"
"542","MINALABAC","0","8","35","1","051722000"
"543","NABUA","0","8","35","1","051723000"
"544","NAGA CITY","1","8","35","1","051724000"
"545","OCAMPO","0","8","35","1","051725000"
"546","PAMPLONA","0","8","35","1","051726000"
"547","PASACAO","0","8","35","1","051727000"
"548","PILI (Capital)","0","8","35","1","051728000"
"549","PRESENTACION (PARUBCAN)","0","8","35","1","051729000"
"550","RAGAY","0","8","35","1","051730000"
"551","SAGNAY","0","8","35","1","051731000"
"552","SAN FERNANDO","0","8","35","1","051732000"
"553","SAN JOSE","0","8","35","1","051733000"
"554","SIPOCOT","0","8","35","1","051734000"
"555","SIRUMA","0","8","35","1","051735000"
"556","TIGAON","0","8","35","1","051736000"
"557","TINAMBAC","0","8","35","1","051737000"
"558","BAGAMANOC","0","8","36","1","052001000"
"559","BARAS","0","8","36","1","052002000"
"560","BATO","0","8","36","1","052003000"
"561","CARAMORAN","0","8","36","1","052004000"
"562","GIGMOTO","0","8","36","1","052005000"
"563","PANDAN","0","8","36","1","052006000"
"564","PANGANIBAN (PAYO)","0","8","36","1","052007000"
"565","SAN ANDRES (CALOLBON)","0","8","36","1","052008000"
"566","SAN MIGUEL","0","8","36","1","052009000"
"567","VIGA","0","8","36","1","052010000"
"568","VIRAC (Capital)","0","8","36","1","052011000"
"569","AROROY","0","8","37","1","054101000"
"570","BALENO","0","8","37","1","054102000"
"571","BALUD","0","8","37","1","054103000"
"572","BATUAN","0","8","37","1","054104000"
"573","CATAINGAN","0","8","37","1","054105000"
"574","CAWAYAN","0","8","37","1","054106000"
"575","CLAVERIA","0","8","37","1","054107000"
"576","DIMASALANG","0","8","37","1","054108000"
"577","ESPERANZA","0","8","37","1","054109000"
"578","MANDAON","0","8","37","1","054110000"
"579","CITY OF MASBATE (Capital)","1","8","37","1","054111000"
"580","MILAGROS","0","8","37","1","054112000"
"581","MOBO","0","8","37","1","054113000"
"582","MONREAL","0","8","37","1","054114000"
"583","PALANAS","0","8","37","1","054115000"
"584","PIO V. CORPUZ (LIMBUHAN)","0","8","37","1","054116000"
"585","PLACER","0","8","37","1","054117000"
"586","SAN FERNANDO","0","8","37","1","054118000"
"587","SAN JACINTO","0","8","37","1","054119000"
"588","SAN PASCUAL","0","8","37","1","054120000"
"589","USON","0","8","37","1","054121000"
"590","BARCELONA","0","8","38","1","056202000"
"591","BULAN","0","8","38","1","056203000"
"592","BULUSAN","0","8","38","1","056204000"
"593","CASIGURAN","0","8","38","1","056205000"
"594","CASTILLA","0","8","38","1","056206000"
"595","DONSOL","0","8","38","1","056207000"
"596","GUBAT","0","8","38","1","056208000"
"597","IROSIN","0","8","38","1","056209000"
"598","JUBAN","0","8","38","1","056210000"
"599","MAGALLANES","0","8","38","1","056211000"
"600","MATNOG","0","8","38","1","056212000"
"601","PILAR","0","8","38","1","056213000"
"602","PRIETO DIAZ","0","8","38","1","056214000"
"603","SANTA MAGDALENA","0","8","38","1","056215000"
"604","CITY OF SORSOGON (Capital)","1","8","38","1","056216000"
"605","ALTAVAS","0","9","39","1","060401000"
"606","BALETE","0","9","39","1","060402000"
"607","BANGA","0","9","39","1","060403000"
"608","BATAN","0","9","39","1","060404000"
"609","BURUANGA","0","9","39","1","060405000"
"610","IBAJAY","0","9","39","1","060406000"
"611","KALIBO (Capital)","0","9","39","1","60407000"
"612","LEZO","0","9","39","1","060408000"
"613","LIBACAO","0","9","39","1","060409000"
"614","MADALAG","0","9","39","1","060410000"
"615","MAKATO","0","9","39","1","060411000"
"616","MALAY","0","9","39","1","060412000"
"617","MALINAO","0","9","39","1","060413000"
"618","NABAS","0","9","39","1","060414000"
"619","NEW WASHINGTON","0","9","39","1","060415000"
"620","NUMANCIA","0","9","39","1","060416000"
"621","TANGALAN","0","9","39","1","060417000"
"622","ANINI-Y","0","9","40","1","060601000"
"623","BARBAZA","0","9","40","1","060602000"
"624","BELISON","0","9","40","1","060603000"
"625","BUGASONG","0","9","40","1","060604000"
"626","CALUYA","0","9","40","1","060605000"
"627","CULASI","0","9","40","1","060606000"
"628","TOBIAS FORNIER (DAO)","0","9","40","1","060607000"
"629","HAMTIC","0","9","40","1","060608000"
"630","LAUA-AN","0","9","40","1","060609000"
"631","LIBERTAD","0","9","40","1","060610000"
"632","PANDAN","0","9","40","1","060611000"
"633","PATNONGON","0","9","40","1","060612000"
"634","SAN JOSE (Capital)","0","9","40","1","060613000"
"635","SAN REMIGIO","0","9","40","1","060614000"
"636","SEBASTE","0","9","40","1","060615000"
"637","SIBALOM","0","9","40","1","060616000"
"638","TIBIAO","0","9","40","1","060617000"
"639","VALDERRAMA","0","9","40","1","060618000"
"640","CUARTERO","0","9","41","1","061901000"
"641","DAO","0","9","41","1","061902000"
"642","DUMALAG","0","9","41","1","061903000"
"643","DUMARAO","0","9","41","1","061904000"
"644","IVISAN","0","9","41","1","061905000"
"645","JAMINDAN","0","9","41","1","061906000"
"646","MA-AYON","0","9","41","1","061907000"
"647","MAMBUSAO","0","9","41","1","061908000"
"648","PANAY","0","9","41","1","061909000"
"649","PANITAN","0","9","41","1","061910000"
"650","PILAR","0","9","41","1","061911000"
"651","PONTEVEDRA","0","9","41","1","061912000"
"652","PRESIDENT ROXAS","0","9","41","1","061913000"
"653","ROXAS CITY (Capital)","1","9","41","1","061914000"
"654","SAPI-AN","0","9","41","1","061915000"
"655","SIGMA","0","9","41","1","061916000"
"656","TAPAZ","0","9","41","1","061917000"
"657","AJUY","0","9","43","1","063001000"
"658","ALIMODIAN","0","9","43","1","063002000"
"659","ANILAO","0","9","43","1","063003000"
"660","BADIANGAN","0","9","43","1","063004000"
"661","BALASAN","0","9","43","1","063005000"
"662","BANATE","0","9","43","1","063006000"
"663","BAROTAC NUEVO","0","9","43","1","063007000"
"664","BAROTAC VIEJO","0","9","43","1","063008000"
"665","BATAD","0","9","43","1","063009000"
"666","BINGAWAN","0","9","43","1","063010000"
"667","CABATUAN","0","9","43","1","063012000"
"668","CALINOG","0","9","43","1","063013000"
"669","CARLES","0","9","43","1","063014000"
"670","CONCEPCION","0","9","43","1","063015000"
"671","DINGLE","0","9","43","1","063016000"
"672","DUEnAS","0","9","43","1","063017000"
"673","DUMANGAS","0","9","43","1","063018000"
"674","ESTANCIA","0","9","43","1","063019000"
"675","GUIMBAL","0","9","43","1","063020000"
"676","IGBARAS","0","9","43","1","063021000"
"677","ILOILO CITY (Capital)","1","9","43","1","063022000"
"678","JANIUAY","0","9","43","1","063023000"
"679","LAMBUNAO","0","9","43","1","063025000"
"680","LEGANES","0","9","43","1","063026000"
"681","LEMERY","0","9","43","1","063027000"
"682","LEON","0","9","43","1","063028000"
"683","MAASIN","0","9","43","1","063029000"
"684","MIAGAO","0","9","43","1","063030000"
"685","MINA","0","9","43","1","063031000"
"686","NEW LUCENA","0","9","43","1","063032000"
"687","OTON","0","9","43","1","063034000"
"688","CITY OF PASSI","1","9","43","1","063035000"
"689","PAVIA","0","9","43","1","063036000"
"690","POTOTAN","0","9","43","1","063037000"
"691","SAN DIONISIO","0","9","43","1","063038000"
"692","SAN ENRIQUE","0","9","43","1","063039000"
"693","SAN JOAQUIN","0","9","43","1","063040000"
"694","SAN MIGUEL","0","9","43","1","063041000"
"695","SAN RAFAEL","0","9","43","1","063042000"
"696","SANTA BARBARA","0","9","43","1","063043000"
"697","SARA","0","9","43","1","063044000"
"698","TIGBAUAN","0","9","43","1","063045000"
"699","TUBUNGAN","0","9","43","1","063046000"
"700","ZARRAGA","0","9","43","1","063047000"
"701","BACOLOD CITY (Capital)","1","9","44","1","064501000"
"702","BAGO CITY","1","9","44","1","064502000"
"703","BINALBAGAN","0","9","44","1","064503000"
"704","CADIZ CITY","1","9","44","1","064504000"
"705","CALATRAVA","0","9","44","1","064505000"
"706","CANDONI","0","9","44","1","064506000"
"707","CAUAYAN","0","9","44","1","064507000"
"708","ENRIQUE B. MAGALONA (SARAVIA)","0","9","44","1","064508000"
"709","CITY OF ESCALANTE","1","9","44","1","064509000"
"710","CITY OF HIMAMAYLAN","1","9","44","1","064510000"
"711","HINIGARAN","0","9","44","1","064511000"
"712","HINOBA-AN (ASIA)","0","9","44","1","064512000"
"713","ILOG","0","9","44","1","064513000"
"714","ISABELA","0","9","44","1","064514000"
"715","CITY OF KABANKALAN","1","9","44","1","064515000"
"716","LA CARLOTA CITY","1","9","44","1","064516000"
"717","LA CASTELLANA","0","9","44","1","064517000"
"718","MANAPLA","0","9","44","1","064518000"
"719","MOISES PADILLA (MAGALLON)","0","9","44","1","064519000"
"720","MURCIA","0","9","44","1","064520000"
"721","PONTEVEDRA","0","9","44","1","064521000"
"722","PULUPANDAN","0","9","44","1","064522000"
"723","SAGAY CITY","1","9","44","1","064523000"
"724","SAN CARLOS CITY","1","9","44","1","064524000"
"725","SAN ENRIQUE","0","9","44","1","064525000"
"726","SILAY CITY","1","9","44","1","64526000"
"727","CITY OF SIPALAY","1","9","44","1","064527000"
"728","CITY OF TALISAY","1","9","44","1","064528000"
"729","TOBOSO","0","9","44","1","064529000"
"730","VALLADOLID","0","9","44","1","064530000"
"731","CITY OF VICTORIAS","1","9","44","1","064531000"
"732","SALVADOR BENEDICTO","0","9","44","1","064532000"
"733","BUENAVISTA","0","9","42","1","067901000"
"734","JORDAN (Capital)","0","9","42","1","067902000"
"735","NUEVA VALENCIA","0","9","42","1","067903000"
"736","SAN LORENZO","0","9","42","1","067904000"
"737","SIBUNAG","0","9","42","1","067905000"
"738","ALBURQUERQUE","0","10","45","1","071201000"
"739","ALICIA","0","10","45","1","071202000"
"740","ANDA","0","10","45","1","071203000"
"741","ANTEQUERA","0","10","45","1","071204000"
"742","BACLAYON","0","10","45","1","071205000"
"743","BALILIHAN","0","10","45","1","071206000"
"744","BATUAN","0","10","45","1","071207000"
"745","BILAR","0","10","45","1","071208000"
"746","BUENAVISTA","0","10","45","1","071209000"
"747","CALAPE","0","10","45","1","071210000"
"748","CANDIJAY","0","10","45","1","071211000"
"749","CARMEN","0","10","45","1","071212000"
"750","CATIGBIAN","0","10","45","1","071213000"
"751","CLARIN","0","10","45","1","071214000"
"752","CORELLA","0","10","45","1","071215000"
"753","CORTES","0","10","45","1","071216000"
"754","DAGOHOY","0","10","45","1","071217000"
"755","DANAO","0","10","45","1","071218000"
"756","DAUIS","0","10","45","1","071219000"
"757","DIMIAO","0","10","45","1","071220000"
"758","DUERO","0","10","45","1","071221000"
"759","GARCIA HERNANDEZ","0","10","45","1","071222000"
"760","GUINDULMAN","0","10","45","1","071223000"
"761","INABANGA","0","10","45","1","071224000"
"762","JAGNA","0","10","45","1","071225000"
"763","JETAFE","0","10","45","1","071226000"
"764","LILA","0","10","45","1","071227000"
"765","LOAY","0","10","45","1","071228000"
"766","LOBOC","0","10","45","1","071229000"
"767","LOON","0","10","45","1","071230000"
"768","MABINI","0","10","45","1","071231000"
"769","MARIBOJOC","0","10","45","1","071232000"
"770","PANGLAO","0","10","45","1","071233000"
"771","PILAR","0","10","45","1","071234000"
"772","PRES. CARLOS P. GARCIA (PITOGO)","0","10","45","1","071235000"
"773","SAGBAYAN (BORJA)","0","10","45","1","071236000"
"774","SAN ISIDRO","0","10","45","1","071237000"
"775","SAN MIGUEL","0","10","45","1","071238000"
"776","SEVILLA","0","10","45","1","071239000"
"777","SIERRA BULLONES","0","10","45","1","071240000"
"778","SIKATUNA","0","10","45","1","071241000"
"779","TAGBILARAN CITY (Capital)","1","10","45","1","071242000"
"780","TALIBON","0","10","45","1","071243000"
"781","TRINIDAD","0","10","45","1","071244000"
"782","TUBIGON","0","10","45","1","071245000"
"783","UBAY","0","10","45","1","071246000"
"784","VALENCIA","0","10","45","1","071247000"
"785","BIEN UNIDO","0","10","45","1","071248000"
"786","ALCANTARA","0","10","46","1","072201000"
"787","ALCOY","0","10","46","1","072202000"
"788","ALEGRIA","0","10","46","1","072203000"
"789","ALOGUINSAN","0","10","46","1","072204000"
"790","ARGAO","0","10","46","1","072205000"
"791","ASTURIAS","0","10","46","1","072206000"
"792","BADIAN","0","10","46","1","072207000"
"793","BALAMBAN","0","10","46","1","072208000"
"794","BANTAYAN","0","10","46","1","072209000"
"795","BARILI","0","10","46","1","072210000"
"796","CITY OF BOGO","1","10","46","1","072211000"
"797","BOLJOON","0","10","46","1","072212000"
"798","BORBON","0","10","46","1","072213000"
"799","CITY OF CARCAR","1","10","46","1","072214000"
"800","CARMEN","0","10","46","1","072215000"
"801","CATMON","0","10","46","1","072216000"
"802","CEBU CITY (Capital)","1","10","46","1","072217000"
"803","COMPOSTELA","0","10","46","1","072218000"
"804","CONSOLACION","0","10","46","1","072219000"
"805","CORDOBA","0","10","46","1","072220000"
"806","DAANBANTAYAN","0","10","46","1","072221000"
"807","DALAGUETE","0","10","46","1","072222000"
"808","DANAO CITY","1","10","46","1","072223000"
"809","DUMANJUG","0","10","46","1","072224000"
"810","GINATILAN","0","10","46","1","072225000"
"811","LAPU-LAPU CITY (OPON)","1","10","46","1","72226000"
"812","LILOAN","0","10","46","1","072227000"
"813","MADRIDEJOS","0","10","46","1","072228000"
"814","MALABUYOC","0","10","46","1","072229000"
"815","MANDAUE CITY","1","10","46","1","072230000"
"816","MEDELLIN","0","10","46","1","072231000"
"817","MINGLANILLA","0","10","46","1","072232000"
"818","MOALBOAL","0","10","46","1","072233000"
"819","CITY OF NAGA","1","10","46","1","072234000"
"820","OSLOB","0","10","46","1","072235000"
"821","PILAR","0","10","46","1","072236000"
"822","PINAMUNGAHAN","0","10","46","1","072237000"
"823","PORO","0","10","46","1","072238000"
"824","RONDA","0","10","46","1","072239000"
"825","SAMBOAN","0","10","46","1","072240000"
"826","SAN FERNANDO","0","10","46","1","072241000"
"827","SAN FRANCISCO","0","10","46","1","072242000"
"828","SAN REMIGIO","0","10","46","1","072243000"
"829","SANTA FE","0","10","46","1","072244000"
"830","SANTANDER","0","10","46","1","072245000"
"831","SIBONGA","0","10","46","1","072246000"
"832","SOGOD","0","10","46","1","072247000"
"833","TABOGON","0","10","46","1","072248000"
"834","TABUELAN","0","10","46","1","072249000"
"835","CITY OF TALISAY","1","10","46","1","072250000"
"836","TOLEDO CITY","1","10","46","1","072251000"
"837","TUBURAN","0","10","46","1","072252000"
"838","TUDELA","0","10","46","1","072253000"
"839","AMLAN (AYUQUITAN)","0","10","47","1","074601000"
"840","AYUNGON","0","10","47","1","074602000"
"841","BACONG","0","10","47","1","074603000"
"842","BAIS CITY","1","10","47","1","074604000"
"843","BASAY","0","10","47","1","074605000"
"844","CITY OF BAYAWAN (TULONG)","1","10","47","1","074606000"
"845","BINDOY (PAYABON)","0","10","47","1","074607000"
"846","CANLAON CITY","1","10","47","1","074608000"
"847","DAUIN","0","10","47","1","074609000"
"848","DUMAGUETE CITY (Capital)","1","10","47","1","074610000"
"849","CITY OF GUIHULNGAN","1","10","47","1","074611000"
"850","JIMALALUD","0","10","47","1","074612000"
"851","LA LIBERTAD","0","10","47","1","074613000"
"852","MABINAY","0","10","47","1","074614000"
"853","MANJUYOD","0","10","47","1","074615000"
"854","PAMPLONA","0","10","47","1","074616000"
"855","SAN JOSE","0","10","47","1","074617000"
"856","SANTA CATALINA","0","10","47","1","074618000"
"857","SIATON","0","10","47","1","074619000"
"858","SIBULAN","0","10","47","1","074620000"
"859","CITY OF TANJAY","1","10","47","1","074621000"
"860","TAYASAN","0","10","47","1","074622000"
"861","VALENCIA (LUZURRIAGA)","0","10","47","1","074623000"
"862","VALLEHERMOSO","0","10","47","1","074624000"
"863","ZAMBOANGUITA","0","10","47","1","074625000"
"864","ENRIQUE VILLANUEVA","0","10","48","1","076101000"
"865","LARENA","0","10","48","1","076102000"
"866","LAZI","0","10","48","1","076103000"
"867","MARIA","0","10","48","1","076104000"
"868","SAN JUAN","0","10","48","1","076105000"
"869","SIQUIJOR (Capital)","0","10","48","1","076106000"
"870","ARTECHE","0","11","50","1","082601000"
"871","BALANGIGA","0","11","50","1","082602000"
"872","BALANGKAYAN","0","11","50","1","082603000"
"873","CITY OF BORONGAN (Capital)","1","11","50","1","082604000"
"874","CAN-AVID","0","11","50","1","082605000"
"875","DOLORES","0","11","50","1","082606000"
"876","GENERAL MACARTHUR","0","11","50","1","082607000"
"877","GIPORLOS","0","11","50","1","082608000"
"878","GUIUAN","0","11","50","1","082609000"
"879","HERNANI","0","11","50","1","082610000"
"880","JIPAPAD","0","11","50","1","082611000"
"881","LAWAAN","0","11","50","1","082612000"
"882","LLORENTE","0","11","50","1","082613000"
"883","MASLOG","0","11","50","1","082614000"
"884","MAYDOLONG","0","11","50","1","082615000"
"885","MERCEDES","0","11","50","1","082616000"
"886","ORAS","0","11","50","1","082617000"
"887","QUINAPONDAN","0","11","50","1","082618000"
"888","SALCEDO","0","11","50","1","082619000"
"889","SAN JULIAN","0","11","50","1","082620000"
"890","SAN POLICARPO","0","11","50","1","082621000"
"891","SULAT","0","11","50","1","082622000"
"892","TAFT","0","11","50","1","082623000"
"893","ABUYOG","0","11","51","1","083701000"
"894","ALANGALANG","0","11","51","1","083702000"
"895","ALBUERA","0","11","51","1","083703000"
"896","BABATNGON","0","11","51","1","083705000"
"897","BARUGO","0","11","51","1","083706000"
"898","BATO","0","11","51","1","083707000"
"899","CITY OF BAYBAY","1","11","51","1","083708000"
"900","BURAUEN","0","11","51","1","083710000"
"901","CALUBIAN","0","11","51","1","083713000"
"902","CAPOOCAN","0","11","51","1","083714000"
"903","CARIGARA","0","11","51","1","083715000"
"904","DAGAMI","0","11","51","1","083717000"
"905","DULAG","0","11","51","1","083718000"
"906","HILONGOS","0","11","51","1","083719000"
"907","HINDANG","0","11","51","1","083720000"
"908","INOPACAN","0","11","51","1","083721000"
"909","ISABEL","0","11","51","1","083722000"
"910","JARO","0","11","51","1","083723000"
"911","JAVIER (BUGHO)","0","11","51","1","083724000"
"912","JULITA","0","11","51","1","083725000"
"913","KANANGA","0","11","51","1","083726000"
"914","LA PAZ","0","11","51","1","083728000"
"915","LEYTE","0","11","51","1","083729000"
"916","MACARTHUR","0","11","51","1","083730000"
"917","MAHAPLAG","0","11","51","1","083731000"
"918","MATAG-OB","0","11","51","1","083733000"
"919","MATALOM","0","11","51","1","083734000"
"920","MAYORGA","0","11","51","1","083735000"
"921","MERIDA","0","11","51","1","083736000"
"922","ORMOC CITY","1","11","51","1","083738000"
"923","PALO","0","11","51","1","083739000"
"924","PALOMPON","0","11","51","1","083740000"
"925","PASTRANA","0","11","51","1","083741000"
"926","SAN ISIDRO","0","11","51","1","083742000"
"927","SAN MIGUEL","0","11","51","1","083743000"
"928","SANTA FE","0","11","51","1","083744000"
"929","TABANGO","0","11","51","1","083745000"
"930","TABONTABON","0","11","51","1","083746000"
"931","TACLOBAN CITY (Capital)","1","11","51","1","083747000"
"932","TANAUAN","0","11","51","1","083748000"
"933","TOLOSA","0","11","51","1","083749000"
"934","TUNGA","0","11","51","1","083750000"
"935","VILLABA","0","11","51","1","083751000"
"936","ALLEN","0","11","52","1","084801000"
"937","BIRI","0","11","52","1","084802000"
"938","BOBON","0","11","52","1","084803000"
"939","CAPUL","0","11","52","1","084804000"
"940","CATARMAN (Capital)","0","11","52","1","084805000"
"941","CATUBIG","0","11","52","1","084806000"
"942","GAMAY","0","11","52","1","084807000"
"943","LAOANG","0","11","52","1","084808000"
"944","LAPINIG","0","11","52","1","084809000"
"945","LAS NAVAS","0","11","52","1","084810000"
"946","LAVEZARES","0","11","52","1","084811000"
"947","MAPANAS","0","11","52","1","084812000"
"948","MONDRAGON","0","11","52","1","084813000"
"949","PALAPAG","0","11","52","1","084814000"
"950","PAMBUJAN","0","11","52","1","084815000"
"951","ROSARIO","0","11","52","1","084816000"
"952","SAN ANTONIO","0","11","52","1","084817000"
"953","SAN ISIDRO","0","11","52","1","084818000"
"954","SAN JOSE","0","11","52","1","084819000"
"955","SAN ROQUE","0","11","52","1","084820000"
"956","SAN VICENTE","0","11","52","1","084821000"
"957","SILVINO LOBOS","0","11","52","1","084822000"
"958","VICTORIA","0","11","52","1","084823000"
"959","LOPE DE VEGA","0","11","52","1","084824000"
"960","ALMAGRO","0","11","54","1","086001000"
"961","BASEY","0","11","54","1","086002000"
"962","CALBAYOG CITY","1","11","54","1","086003000"
"963","CALBIGA","0","11","54","1","086004000"
"964","CITY OF CATBALOGAN (Capital)","1","11","54","1","086005000"
"965","DARAM","0","11","54","1","086006000"
"966","GANDARA","0","11","54","1","086007000"
"967","HINABANGAN","0","11","54","1","086008000"
"968","JIABONG","0","11","54","1","086009000"
"969","MARABUT","0","11","54","1","086010000"
"970","MATUGUINAO","0","11","54","1","086011000"
"971","MOTIONG","0","11","54","1","086012000"
"972","PINABACDAO","0","11","54","1","086013000"
"973","SAN JOSE DE BUAN","0","11","54","1","086014000"
"974","SAN SEBASTIAN","0","11","54","1","086015000"
"975","SANTA MARGARITA","0","11","54","1","086016000"
"976","SANTA RITA","0","11","54","1","086017000"
"977","SANTO NINO","0","11","54","1","086018000"
"978","TALALORA","0","11","54","1","086019000"
"979","TARANGNAN","0","11","54","1","086020000"
"980","VILLAREAL","0","11","54","1","086021000"
"981","PARANAS (WRIGHT)","0","11","54","1","086022000"
"982","ZUMARRAGA","0","11","54","1","086023000"
"983","TAGAPUL-AN","0","11","54","1","086024000"
"984","SAN JORGE","0","11","54","1","086025000"
"985","PAGSANGHAN","0","11","54","1","086026000"
"986","ANAHAWAN","0","11","53","1","086401000"
"987","BONTOC","0","11","53","1","086402000"
"988","HINUNANGAN","0","11","53","1","086403000"
"989","HINUNDAYAN","0","11","53","1","086404000"
"990","LIBAGON","0","11","53","1","086405000"
"991","LILOAN","0","11","53","1","086406000"
"992","CITY OF MAASIN (Capital)","1","11","53","1","086407000"
"993","MACROHON","0","11","53","1","086408000"
"994","MALITBOG","0","11","53","1","086409000"
"995","PADRE BURGOS","0","11","53","1","086410000"
"996","PINTUYAN","0","11","53","1","086411000"
"997","SAINT BERNARD","0","11","53","1","086412000"
"998","SAN FRANCISCO","0","11","53","1","086413000"
"999","SAN JUAN (CABALIAN)","0","11","53","1","086414000"
"1000","SAN RICARDO","0","11","53","1","086415000"
"1001","SILAGO","0","11","53","1","086416000"
"1002","SOGOD","0","11","53","1","086417000"
"1003","TOMAS OPPUS","0","11","53","1","086418000"
"1004","LIMASAWA","0","11","53","1","086419000"
"1005","ALMERIA","0","11","49","1","087801000"
"1006","BILIRAN","0","11","49","1","087802000"
"1007","CABUCGAYAN","0","11","49","1","087803000"
"1008","CAIBIRAN","0","11","49","1","087804000"
"1009","CULABA","0","11","49","1","087805000"
"1010","KAWAYAN","0","11","49","1","087806000"
"1011","MARIPIPI","0","11","49","1","087807000"
"1012","NAVAL (Capital)","0","11","49","1","087808000"
"1013","DAPITAN CITY","1","12","55","1","097201000"
"1014","DIPOLOG CITY (Capital)","1","12","55","1","097202000"
"1015","KATIPUNAN","0","12","55","1","097203000"
"1016","LA LIBERTAD","0","12","55","1","097204000"
"1017","LABASON","0","12","55","1","097205000"
"1018","LILOY","0","12","55","1","097206000"
"1019","MANUKAN","0","12","55","1","097207000"
"1020","MUTIA","0","12","55","1","097208000"
"1021","PINAN","0","12","55","1","097209000"
"1022","POLANCO","0","12","55","1","097210000"
"1023","PRES. MANUEL A. ROXAS","0","12","55","1","097211000"
"1024","RIZAL","0","12","55","1","097212000"
"1025","SALUG","0","12","55","1","097213000"
"1026","SERGIO OSMEnA SR.","0","12","55","1","097214000"
"1027","SIAYAN","0","12","55","1","097215000"
"1028","SIBUCO","0","12","55","1","097216000"
"1029","SIBUTAD","0","12","55","1","097217000"
"1030","SINDANGAN","0","12","55","1","097218000"
"1031","SIOCON","0","12","55","1","097219000"
"1032","SIRAWAI","0","12","55","1","097220000"
"1033","TAMPILISAN","0","12","55","1","097221000"
"1034","JOSE DALMAN (PONOT)","0","12","55","1","097222000"
"1035","GUTALAC","0","12","55","1","097223000"
"1036","BALIGUIAN","0","12","55","1","097224000"
"1037","GODOD","0","12","55","1","097225000"
"1038","BACUNGAN (Leon T. Postigo)","0","12","55","1","097226000"
"1039","KALAWIT","0","12","55","1","097227000"
"1040","AURORA","0","12","56","1","097302000"
"1041","BAYOG","0","12","56","1","097303000"
"1042","DIMATALING","0","12","56","1","097305000"
"1043","DINAS","0","12","56","1","097306000"
"1044","DUMALINAO","0","12","56","1","097307000"
"1045","DUMINGAG","0","12","56","1","097308000"
"1046","KUMALARANG","0","12","56","1","097311000"
"1047","LABANGAN","0","12","56","1","097312000"
"1048","LAPUYAN","0","12","56","1","097313000"
"1049","MAHAYAG","0","12","56","1","097315000"
"1050","MARGOSATUBIG","0","12","56","1","097317000"
"1051","MIDSALIP","0","12","56","1","097318000"
"1052","MOLAVE","0","12","56","1","097319000"
"1053","PAGADIAN CITY (Capital)","1","12","56","1","097322000"
"1054","RAMON MAGSAYSAY (LIARGO)","0","12","56","1","097323000"
"1055","SAN MIGUEL","0","12","56","1","097324000"
"1056","SAN PABLO","0","12","56","1","097325000"
"1057","TABINA","0","12","56","1","097327000"
"1058","TAMBULIG","0","12","56","1","097328000"
"1059","TUKURAN","0","12","56","1","097330000"
"1060","ZAMBOANGA CITY","2","12","-99","1","097332000"
"1061","LAKEWOOD","0","12","56","1","097333000"
"1062","JOSEFINA","0","12","56","1","097337000"
"1063","PITOGO","0","12","56","1","097338000"
"1064","SOMINOT (DON MARIANO MARCOS)","0","12","56","1","097340000"
"1065","VINCENZO A. SAGUN","0","12","56","1","097341000"
"1066","GUIPOS","0","12","56","1","097343000"
"1067","TIGBAO","0","12","56","1","097344000"
"1068","ALICIA","0","12","57","1","098301000"
"1069","BUUG","0","12","57","1","098302000"
"1070","DIPLAHAN","0","12","57","1","098303000"
"1071","IMELDA","0","12","57","1","098304000"
"1072","IPIL (Capital)","0","12","57","1","098305000"
"1073","KABASALAN","0","12","57","1","098306000"
"1074","MABUHAY","0","12","57","1","098307000"
"1075","MALANGAS","0","12","57","1","098308000"
"1076","NAGA","0","12","57","1","098309000"
"1077","OLUTANGA","0","12","57","1","098310000"
"1078","PAYAO","0","12","57","1","098311000"
"1079","ROSELLER LIM","0","12","57","1","098312000"
"1080","SIAY","0","12","57","1","098313000"
"1081","TALUSAN","0","12","57","1","098314000"
"1082","TITAY","0","12","57","1","098315000"
"1083","TUNGAWAN","0","12","57","1","098316000"
"1084","CITY OF ISABELA (Capital)","2","12","-99","1","099701000"
"1085","BAUNGON","0","13","59","1","101301000"
"1086","DAMULOG","0","13","59","1","101302000"
"1087","DANGCAGAN","0","13","59","1","101303000"
"1088","DON CARLOS","0","13","59","1","101304000"
"1089","IMPASUG-ONG","0","13","59","1","101305000"
"1090","KADINGILAN","0","13","59","1","101306000"
"1091","KALILANGAN","0","13","59","1","101307000"
"1092","KIBAWE","0","13","59","1","101308000"
"1093","KITAOTAO","0","13","59","1","101309000"
"1094","LANTAPAN","0","13","59","1","101310000"
"1095","LIBONA","0","13","59","1","101311000"
"1096","CITY OF MALAYBALAY (Capital)","1","13","59","1","101312000"
"1097","MALITBOG","0","13","59","1","101313000"
"1098","MANOLO FORTICH","0","13","59","1","101314000"
"1099","MARAMAG","0","13","59","1","101315000"
"1100","PANGANTUCAN","0","13","59","1","101316000"
"1101","QUEZON","0","13","59","1","101317000"
"1102","SAN FERNANDO","0","13","59","1","101318000"
"1103","SUMILAO","0","13","59","1","101319000"
"1104","TALAKAG","0","13","59","1","101320000"
"1105","CITY OF VALENCIA","1","13","59","1","101321000"
"1106","CABANGLASAN","0","13","59","1","101322000"
"1107","CATARMAN","0","13","60","1","101801000"
"1108","GUINSILIBAN","0","13","60","1","101802000"
"1109","MAHINOG","0","13","60","1","101803000"
"1110","MAMBAJAO - Capital","0","13","60","1","101804000"
"1111","SAGAY","0","13","60","1","101805000"
"1112","BACOLOD","0","13","61","1","103501000"
"1113","BALOI","0","13","61","1","103502000"
"1114","BAROY","0","13","61","1","103503000"
"1115","ILIGAN CITY","2","13","-99","1","103504000"
"1116","KAPATAGAN","0","13","61","1","103505000"
"1117","SULTAN NAGA DIMAPORO (KAROMATAN)","0","13","61","1","103506000"
"1118","KAUSWAGAN","0","13","61","1","103507000"
"1119","KOLAMBUGAN","0","13","61","1","103508000"
"1120","LALA","0","13","61","1","103509000"
"1121","LINAMON","0","13","61","1","103510000"
"1122","MAGSAYSAY","0","13","61","1","103511000"
"1123","MAIGO","0","13","61","1","103512000"
"1124","MATUNGAO","0","13","61","1","103513000"
"1125","MUNAI","0","13","61","1","103514000"
"1126","NUNUNGAN","0","13","61","1","103515000"
"1127","PANTAO RAGAT","0","13","61","1","103516000"
"1128","POONA PIAGAPO","0","13","61","1","103517000"
"1129","SALVADOR","0","13","61","1","103518000"
"1130","SAPAD","0","13","61","1","103519000"
"1131","TAGOLOAN","0","13","61","1","103520000"
"1132","TANGCAL","0","13","61","1","103521000"
"1133","TUBOD (Capital)","0","13","61","1","103522000"
"1134","PANTAR","0","13","61","1","103523000"
"1135","ALORAN","0","13","62","1","104201000"
"1136","BALIANGAO","0","13","62","1","104202000"
"1137","BONIFACIO","0","13","62","1","104203000"
"1138","CALAMBA","0","13","62","1","104204000"
"1139","CLARIN","0","13","62","1","104205000"
"1140","CONCEPCION","0","13","62","1","104206000"
"1141","JIMENEZ","0","13","62","1","104207000"
"1142","LOPEZ JAENA","0","13","62","1","104208000"
"1143","OROQUIETA CITY (Capital)","1","13","62","1","104209000"
"1144","OZAMIS CITY","1","13","62","1","104210000"
"1145","PANAON","0","13","62","1","104211000"
"1146","PLARIDEL","0","13","62","1","104212000"
"1147","SAPANG DALAGA","0","13","62","1","104213000"
"1148","SINACABAN","0","13","62","1","104214000"
"1149","TANGUB CITY","1","13","62","1","104215000"
"1150","TUDELA","0","13","62","1","104216000"
"1151","DON VICTORIANO CHIONGBIAN  (DON MARIANO MARCOS)","0","13","62","1","104217000"
"1152","ALUBIJID","0","13","63","1","104301000"
"1153","BALINGASAG","0","13","63","1","104302000"
"1154","BALINGOAN","0","13","63","1","104303000"
"1155","BINUANGAN","0","13","63","1","104304000"
"1156","CAGAYAN DE ORO CITY (Capital)","2","13","-99","1","104305000"
"1157","CLAVERIA","0","13","63","1","104306000"
"1158","CITY OF EL SALVADOR","1","13","63","1","104307000"
"1159","GINGOOG CITY","1","13","63","1","104308000"
"1160","GITAGUM","0","13","63","1","104309000"
"1161","INITAO","0","13","63","1","104310000"
"1162","JASAAN","0","13","63","1","104311000"
"1163","KINOGUITAN","0","13","63","1","104312000"
"1164","LAGONGLONG","0","13","63","1","104313000"
"1165","LAGUINDINGAN","0","13","63","1","104314000"
"1166","LIBERTAD","0","13","63","1","104315000"
"1167","LUGAIT","0","13","63","1","104316000"
"1168","MAGSAYSAY (LINUGOS)","0","13","63","1","104317000"
"1169","MANTICAO","0","13","63","1","104318000"
"1170","MEDINA","0","13","63","1","104319000"
"1171","NAAWAN","0","13","63","1","104320000"
"1172","OPOL","0","13","63","1","104321000"
"1173","SALAY","0","13","63","1","104322000"
"1174","SUGBONGCOGON","0","13","63","1","104323000"
"1175","TAGOLOAN","0","13","63","1","104324000"
"1176","Talisayan","0","13","63","1","104325000"
"1177","Villanueva","0","13","63","1","104326000"
"1178","Asuncion (Saug)","0","14","64","1","112301000"
"1179","Carmen","0","14","64","1","112303000"
"1180","Kapalong","0","14","64","1","112305000"
"1181","New Corella","0","14","64","1","112314000"
"1182","City of Panabo","1","14","64","1","112315000"
"1183","Island Garden City of Samal","1","14","64","1","112317000"
"1184","Santo Tomas","0","14","64","1","112318000"
"1185","City of Tagum (Capital)","1","14","64","1","112319000"
"1186","Talaingod","0","14","64","1","112322000"
"1187","Braulio E. Dujali","0","14","64","1","112323000"
"1188","San Isidro","0","14","64","1","112324000"
"1189","Bansalan","0","14","66","1","112401000"
"1190","Davao City","2","14","-99","1","112402000"
"1191","City of Digos (Capital)","1","14","66","1","112403000"
"1192","Hagonoy","0","14","66","1","112404000"
"1193","Kiblawan","0","14","66","1","112406000"
"1194","Magsaysay","0","14","66","1","112407000"
"1195","Malalag","0","14","66","1","112408000"
"1196","Matanao","0","14","66","1","112410000"
"1197","Padada","0","14","66","1","112411000"
"1198","Santa Cruz","0","14","66","1","112412000"
"1199","Sulop","0","14","66","1","112414000"
"1200","Baganga","0","14","65","1","112501000"
"1201","Banaybanay","0","14","65","1","112502000"
"1202","Boston","0","14","65","1","112503000"
"1203","Caraga","0","14","65","1","112504000"
"1204","Cateel","0","14","65","1","112505000"
"1205","Governor Generoso","0","14","65","1","112506000"
"1206","Lupon","0","14","65","1","112507000"
"1207","Manay","0","14","65","1","112508000"
"1208","City of Mati (Capital)","1","14","65","1","112509000"
"1209","San Isidro","0","14","65","1","112510000"
"1210","Tarragona","0","14","65","1","112511000"
"1211","Compostela","0","14","67","1","118201000"
"1212","Laak (San Vicente)","0","14","67","1","118202000"
"1213","Mabini (Dona Alicia)","0","14","67","1","118203000"
"1214","Maco","0","14","67","1","118204000"
"1215","Maragusan (San Mariano)","0","14","67","1","118205000"
"1216","Mawab","0","14","67","1","118206000"
"1217","Monkayo","0","14","67","1","118207000"
"1218","Montevista","0","14","67","1","118208000"
"1219","Nabunturan (Capital)","0","14","67","1","118209000"
"1220","New Bataan","0","14","67","1","118210000"
"1221","Pantukan","0","14","67","1","118211000"
"1222","Don Marcelino","0","14","68","1","118601000"
"1223","Jose Abad Santos (Trinidad)","0","14","68","1","118602000"
"1224","Malita","0","14","68","1","118603000"
"1225","Santa Maria","0","14","68","1","118604000"
"1226","Sarangani","0","14","68","1","118605000"
"1227","Alamada","0","15","69","1","124701000"
"1228","Carmen","0","15","69","1","124702000"
"1229","Kabacan","0","15","69","1","124703000"
"1230","City of Kidapawan (Capital)","1","15","69","1","124704000"
"1231","Libungan","0","15","69","1","124705000"
"1232","Magpet","0","15","69","1","124706000"
"1233","Makilala","0","15","69","1","124707000"
"1234","Matalam","0","15","69","1","124708000"
"1235","Midsayap","0","15","69","1","124709000"
"1236","Mlang","0","15","69","1","124710000"
"1237","Pigcawayan","0","15","69","1","124711000"
"1238","Pikit","0","15","69","1","124712000"
"1239","President Roxas","0","15","69","1","124713000"
"1240","Tulunan","0","15","69","1","124714000"
"1241","Antipas","0","15","69","1","124715000"
"1242","Banisilan","0","15","69","1","124716000"
"1243","Aleosan","0","15","69","1","124717000"
"1244","Arakan","0","15","69","1","124718000"
"1245","Banga","0","15","71","1","126302000"
"1246","General Santos City (Dadiangas)","2","15","-99","1","126303000"
"1247","City of Koronadal (Capital)","1","15","71","1","126306000"
"1248","Norala","0","15","71","1","126311000"
"1249","Polomolok","0","15","71","1","126312000"
"1250","Surallah","0","15","71","1","126313000"
"1251","Tampakan","0","15","71","1","126314000"
"1252","Tantangan","0","15","71","1","126315000"
"1253","Tboli","0","15","71","1","126316000"
"1254","Tupi","0","15","71","1","126317000"
"1255","Santo Nino","0","15","71","1","126318000"
"1256","Lake Sebu","0","15","71","1","126319000"
"1257","Bagumbayan","0","15","72","1","126501000"
"1258","Columbio","0","15","72","1","126502000"
"1259","Esperanza","0","15","72","1","126503000"
"1260","Isulan (Capital)","0","15","72","1","126504000"
"1261","Kalamansig","0","15","72","1","126505000"
"1262","Lebak","0","15","72","1","126506000"
"1263","Lutayan","0","15","72","1","126507000"
"1264","Lambayong (Mariano Marcos)","0","15","72","1","126508000"
"1265","Palimbang","0","15","72","1","126509000"
"1266","President Quirino","0","15","72","1","126510000"
"1267","City of Tacurong","1","15","72","1","126511000"
"1268","Sen. Ninoy Aquino","0","15","72","1","126512000"
"1269","Alabel (Capital)","0","15","70","1","128001000"
"1270","Glan","0","15","70","1","128002000"
"1271","Kiamba","0","15","70","1","128003000"
"1272","Maasim","0","15","70","1","128004000"
"1273","Maitum","0","15","70","1","128005000"
"1274","Malapatan","0","15","70","1","128006000"
"1275","Malungon","0","15","70","1","128007000"
"1276","Cotabato City","2","15","-99","1","129804000"
"1277","CITY OF MANILA","1","2","85","1","133900000"
"1278","CITY OF MANDALUYONG","1","2","85","1","137401000"
"1279","CITY OF MARIKINA","1","2","85","1","137402000"
"1280","CITY OF PASIG","1","2","85","1","137403000"
"1281","QUEZON CITY","1","2","85","1","137404000"
"1282","CITY OF SAN JUAN","1","2","85","1","137405000"
"1283","CALOOCAN CITY","1","2","85","1","137501000"
"1284","CITY OF MALABON","1","2","85","1","137502000"
"1285","CITY OF NAVOTAS","1","2","85","1","137503000"
"1286","CITY OF VALENZUELA","1","2","85","1","137504000"
"1287","CITY OF LAS PInAS","1","2","85","1","137601000"
"1288","CITY OF MAKATI","1","2","85","1","137602000"
"1289","CITY OF MUNTINLUPA","1","2","85","1","137603000"
"1290","CITY OF PARAnAQUE","1","2","85","1","137604000"
"1291","PASAY CITY","1","2","85","1","137605000"
"1292","PATEROS","0","2","85","1","137606000"
"1293","TAGUIG CITY","1","2","85","1","137607000"
"1294","BANGUED (Capital)","0","2","1","1","140101000"
"1295","BOLINEY","0","2","1","1","140102000"
"1296","BUCAY","0","2","1","1","140103000"
"1297","BUCLOC","0","2","1","1","140104000"
"1298","DAGUIOMAN","0","2","1","1","140105000"
"1299","DANGLAS","0","2","1","1","140106000"
"1300","DOLORES","0","2","1","1","140107000"
"1301","LA PAZ","0","2","1","1","140108000"
"1302","LACUB","0","2","1","1","140109000"
"1303","LAGANGILANG","0","2","1","1","140110000"
"1304","LAGAYAN","0","2","1","1","140111000"
"1305","LANGIDEN","0","2","1","1","140112000"
"1306","LICUAN-BAAY (LICUAN)","0","2","1","1","140113000"
"1307","LUBA","0","2","1","1","140114000"
"1308","MALIBCONG","0","2","1","1","140115000"
"1309","MANABO","0","2","1","1","140116000"
"1310","PEnARRUBIA","0","2","1","1","140117000"
"1311","PIDIGAN","0","2","1","1","140118000"
"1312","PILAR","0","2","1","1","140119000"
"1313","SALLAPADAN","0","2","1","1","140120000"
"1314","SAN ISIDRO","0","2","1","1","140121000"
"1315","SAN JUAN","0","2","1","1","140122000"
"1316","SAN QUINTIN","0","2","1","1","140123000"
"1317","TAYUM","0","2","1","1","140124000"
"1318","TINEG","0","2","1","1","140125000"
"1319","TUBO","0","2","1","1","140126000"
"1320","VILLAVICIOSA","0","2","1","1","140127000"
"1321","ATOK","0","2","3","1","141101000"
"1322","BAGUIO CITY","1","2","3","1","141102000"
"1323","BAKUN","0","2","3","1","141103000"
"1324","BOKOD","0","2","3","1","141104000"
"1325","BUGUIAS","0","2","3","1","141105000"
"1326","ITOGON","0","2","3","1","141106000"
"1327","KABAYAN","0","2","3","1","141107000"
"1328","KAPANGAN","0","2","3","1","141108000"
"1329","KIBUNGAN","0","2","3","1","141109000"
"1330","LA TRINIDAD (Capital)","0","2","3","1","141110000"
"1331","MANKAYAN","0","2","3","1","141111000"
"1332","SABLAN","0","2","3","1","141112000"
"1333","TUBA","0","2","3","1","141113000"
"1334","TUBLAY","0","2","3","1","141114000"
"1335","BANAUE","0","2","4","1","142701000"
"1336","HUNGDUAN","0","2","4","1","142702000"
"1337","KIANGAN","0","2","4","1","142703000"
"1338","LAGAWE (Capital)","0","2","4","1","142704000"
"1339","LAMUT","0","2","4","1","142705000"
"1340","MAYOYAO","0","2","4","1","142706000"
"1341","ALFONSO LISTA (POTIA)","0","2","4","1","142707000"
"1342","AGUINALDO","0","2","4","1","142708000"
"1343","HINGYON","0","2","4","1","142709000"
"1344","TINOC","0","2","4","1","142710000"
"1345","ASIPULO","0","2","4","1","142711000"
"1346","BALBALAN","0","2","5","1","143201000"
"1347","LUBUAGAN","0","2","5","1","143206000"
"1348","PASIL","0","2","5","1","143208000"
"1349","PINUKPUK","0","2","5","1","143209000"
"1350","RIZAL (LIWAN)","0","2","5","1","143211000"
"1351","CITY OF TABUK (Capital)","1","2","5","1","143213000"
"1352","TANUDAN","0","2","5","1","143214000"
"1353","TINGLAYAN","0","2","5","1","143215000"
"1354","BARLIG","0","2","6","1","144401000"
"1355","BAUKO","0","2","6","1","144402000"
"1356","BESAO","0","2","6","1","144403000"
"1357","BONTOC (Capital)","0","2","6","1","144404000"
"1358","NATONIN","0","2","6","1","144405000"
"1359","PARACELIS","0","2","6","1","144406000"
"1360","SABANGAN","0","2","6","1","144407000"
"1361","SADANGA","0","2","6","1","144408000"
"1362","SAGADA","0","2","6","1","144409000"
"1363","TADIAN","0","2","6","1","144410000"
"1364","CALANASAN (BAYAG)","0","2","2","1","148101000"
"1365","CONNER","0","2","2","1","148102000"
"1366","FLORA","0","2","2","1","148103000"
"1367","KABUGAO (Capital)","0","2","2","1","148104000"
"1368","LUNA","0","2","2","1","148105000"
"1369","PUDTOL","0","2","2","1","148106000"
"1370","SANTA MARCELA","0","2","2","1","148107000"
"1371","City of Lamitan","1","17","79","1","150702000"
"1372","Lantawan","0","17","79","1","150703000"
"1373","Maluso","0","17","79","1","150704000"
"1374","Sumisip","0","17","79","1","150705000"
"1375","Tipo-Tipo","0","17","79","1","150706000"
"1376","TUburan","0","17","79","1","150707000"
"1377","Akbar","0","17","79","1","150708000"
"1378","Al-Barka","0","17","79","1","150709000"
"1379","Hadji Mohammad Ajul","0","17","79","1","150710000"
"1380","UNGKAYA PUKAN","0","17","79","1","150711000"
"1381","HADJI MUHTAMAD","0","17","79","1","150712000"
"1382","TABUAN-LASA","0","17","79","1","150713000"
"1383","BACOLOD-KALAWI (BACOLOD GRANDE)","0","17","80","1","153601000"
"1384","BALABAGAN","0","17","80","1","153602000"
"1385","BALINDONG (WATU)","0","17","80","1","153603000"
"1386","BAYANG","0","17","80","1","153604000"
"1387","BINIDAYAN","0","17","80","1","153605000"
"1388","BUBONG","0","17","80","1","153606000"
"1389","BUTIG","0","17","80","1","153607000"
"1390","GANASSI","0","17","80","1","153609000"
"1391","KAPAI","0","17","80","1","153610000"
"1392","LUMBA-BAYABAO (MAGUING)","0","17","80","1","153611000"
"1393","LUMBATAN","0","17","80","1","153612000"
"1394","MADALUM","0","17","80","1","153613000"
"1395","MADAMBA","0","17","80","1","153614000"
"1396","MALABANG","0","17","80","1","153615000"
"1397","MARANTAO","0","17","80","1","153616000"
"1398","MARAWI CITY (Capital)","1","17","80","1","153617000"
"1399","MASIU","0","17","80","1","153618000"
"1400","MULONDO","0","17","80","1","153619000"
"1401","PAGAYAWAN (TATARIKAN)","0","17","80","1","153620000"
"1402","PIAGAPO","0","17","80","1","153621000"
"1403","POONA BAYABAO (GATA)","0","17","80","1","153622000"
"1404","PUALAS","0","17","80","1","153623000"
"1405","DITSAAN-RAMAIN","0","17","80","1","153624000"
"1406","SAGUIARAN","0","17","80","1","153625000"
"1407","TAMPARAN","0","17","80","1","153626000"
"1408","TARAKA","0","17","80","1","153627000"
"1409","TUBARAN","0","17","80","1","153628000"
"1410","TUGAYA","0","17","80","1","153629000"
"1411","WAO","0","17","80","1","153630000"
"1412","MAROGONG","0","17","80","1","153631000"
"1413","CALANOGAS","0","17","80","1","153632000"
"1414","BUADIPOSO-BUNTONG","0","17","80","1","153633000"
"1415","MAGUING","0","17","80","1","153634000"
"1416","PICONG (SULTAN GUMANDER)","0","17","80","1","153635000"
"1417","LUMBAYANAGUE","0","17","80","1","153636000"
"1418","BUMBARAN","0","17","80","1","153637000"
"1419","TAGOLOAN II","0","17","80","1","153638000"
"1420","KAPATAGAN","0","17","80","1","153639000"
"1421","SULTAN DUMALONDONG","0","17","80","1","153640000"
"1422","LUMBACA-UNAYAN","0","17","80","1","153641000"
"1423","AMPATUAN","0","17","81","1","153801000"
"1424","BULDON","0","17","81","1","153802000"
"1425","BULUAN","0","17","81","1","153803000"
"1426","DATU PAGLAS","0","17","81","1","153805000"
"1427","DATU PIANG","0","17","81","1","153806000"
"1428","DATU ODIN SINSUAT (DINAIG)","0","17","81","1","153807000"
"1429","SHARIFF AGUAK (MAGANOY) (Capital)","0","17","81","1","153808000"
"1430","MATANOG","0","17","81","1","153809000"
"1431","PAGALUNGAN","0","17","81","1","153810000"
"1432","PARANG","0","17","81","1","153811000"
"1433","SULTAN KUDARAT (NULING)","0","17","81","1","153812000"
"1434","SULTAN SA BARONGIS (LAMBAYONG)","0","17","81","1","153813000"
"1435","KABUNTALAN (TUMBAO)","0","17","81","1","153814000"
"1436","UPI","0","17","81","1","153815000"
"1437","TALAYAN","0","17","81","1","153816000"
"1438","SOUTH UPI","0","17","81","1","153817000"
"1439","BARIRA","0","17","81","1","153818000"
"1440","GEN. S. K. PENDATUN","0","17","81","1","153819000"
"1441","MAMASAPANO","0","17","81","1","153820000"
"1442","TALITAY","0","17","81","1","153821000"
"1443","PAGAGAWAN","0","17","81","1","153822000"
"1444","PAGLAT","0","17","81","1","153823000"
"1445","SULTAN MASTURA","0","17","81","1","153824000"
"1446","GUINDULUNGAN","0","17","81","1","153825000"
"1447","DATU SAUDI-AMPATUAN","0","17","81","1","153826000"
"1448","DATU UNSAY","0","17","81","1","153827000"
"1449","DATU ABDULLAH SANGKI","0","17","81","1","153828000"
"1450","RAJAH BUAYAN","0","17","81","1","153829000"
"1451","DATU BLAH T. SINSUAT","0","17","81","1","153830000"
"1452","DATU ANGGAL MIDTIMBANG","0","17","81","1","153831000"
"1453","MANGUDADATU","0","17","81","1","153832000"
"1454","PANDAG","0","17","81","1","153833000"
"1455","NORTHERN KABUNTALAN","0","17","81","1","153834000"
"1456","DATU HOFFER AMPATUAN","0","17","81","1","153835000"
"1457","DATU SALIBO","0","17","81","1","153836000"
"1458","SHARIFF SAYDONA MUSTAPHA","0","17","81","1","153837000"
"1459","INDANAN","0","17","82","1","156601000"
"1460","JOLO (Capital)","0","17","82","1","156602000"
"1461","KALINGALAN CALUANG","0","17","82","1","156603000"
"1462","LUUK","0","17","82","1","156604000"
"1463","MAIMBUNG","0","17","82","1","156605000"
"1464","HADJI PANGLIMA TAHIL (MARUNGGAS)","0","17","82","1","156606000"
"1465","OLD PANAMAO","0","17","82","1","156607000"
"1466","PANGUTARAN","0","17","82","1","156608000"
"1467","PARANG","0","17","82","1","156609000"
"1468","PATA","0","17","82","1","156610000"
"1469","PATIKUL","0","17","82","1","156611000"
"1470","SIASI","0","17","82","1","156612000"
"1471","TALIPAO","0","17","82","1","156613000"
"1472","TAPUL","0","17","82","1","156614000"
"1473","TONGKIL","0","17","82","1","156615000"
"1474","PANGLIMA ESTINO (NEW PANAMAO)","0","17","82","1","156616000"
"1475","LUGUS","0","17","82","1","156617000"
"1476","PANDAMI","0","17","82","1","156618000"
"1477","OMAR","0","17","82","1","156619000"
"1478","PANGLIMA SUGALA (BALIMBING) (Capital)","0","17","83","1","157001000"
"1479","BONGAO (Capital)","0","17","83","1","157002000"
"1480","MAPUN (CAGAYAN DE TAWI-TAWI)","0","17","83","1","157003000"
"1481","SIMUNUL","0","17","83","1","157004000"
"1482","SITANGKAI","0","17","83","1","157005000"
"1483","SOUTH UBIAN","0","17","83","1","157006000"
"1484","TANDUBAS","0","17","83","1","157007000"
"1485","TURTLE ISLANDS","0","17","83","1","157008000"
"1486","LANGUYAN","0","17","83","1","157009000"
"1487","SAPA-SAPA","0","17","83","1","157010000"
"1488","SIBUTU","0","17","83","1","157011000"
"1489","Buenavista","0","16","74","1","160201000"
"1490","Butuan City (Capital)","2","16","-99","1","160202000"
"1491","City of Cabadbaran","1","16","74","1","160203000"
"1492","Carmen","0","16","74","1","160204000"
"1493","Jabonga","0","16","74","1","160205000"
"1494","Kitcharao","0","16","74","1","160206000"
"1495","Las Nieves","0","16","74","1","160207000"
"1496","Magallanes","0","16","74","1","160208000"
"1497","Nasipit","0","16","74","1","160209000"
"1498","Santiago","0","16","74","1","160210000"
"1499","Tubay","0","16","74","1","160211000"
"1500","Remedios T. Romualdez","0","16","74","1","160212000"
"1501","City of Bayugan","1","16","75","1","160301000"
"1502","Bunawan","0","16","75","1","160302000"
"1503","Esperanza","0","16","75","1","160303000"
"1504","La Paz","0","16","75","1","160304000"
"1505","Loreto","0","16","75","1","160305000"
"1506","Prosperidad (Capital)","0","16","75","1","160306000"
"1507","Rosario","0","16","75","1","160307000"
"1508","San Francisco","0","16","75","1","160308000"
"1509","San Luis","0","16","75","1","160309000"
"1510","Santa Josefa","0","16","75","1","160310000"
"1511","Talacogon","0","16","75","1","160311000"
"1512","Trento","0","16","75","1","160312000"
"1513","Veruela","0","16","75","1","160313000"
"1514","Sibagat","0","16","75","1","160314000"
"1515","Alegria","0","16","76","1","166701000"
"1516","Bacuag","0","16","76","1","166702000"
"1517","Burgos","0","16","76","1","166704000"
"1518","Claver","0","16","76","1","166706000"
"1519","Dapa","0","16","76","1","166707000"
"1520","Del Carmen","0","16","76","1","166708000"
"1521","General Luna","0","16","76","1","166710000"
"1522","Gigaquit","0","16","76","1","166711000"
"1523","Mainit","0","16","76","1","166714000"
"1524","Malimono","0","16","76","1","166715000"
"1525","Pilar","0","16","76","1","166716000"
"1526","Placer","0","16","76","1","166717000"
"1527","San Benito","0","16","76","1","166718000"
"1528","San Francisco (Anao-Aon)","0","16","76","1","166719000"
"1529","San Isidro","0","16","76","1","166720000"
"1530","Santa Monica (Sapao)","0","16","76","1","166721000"
"1531","Sison","0","16","76","1","166722000"
"1532","Socorro","0","16","76","1","166723000"
"1533","Surigao City (Capital)","1","16","76","1","166724000"
"1534","Tagana-an","0","16","76","1","166725000"
"1535","Tubod","0","16","76","1","166727000"
"1536","Barobo","0","16","77","1","166801000"
"1537","Bayabas","0","16","77","1","166802000"
"1538","City of Bislig","1","16","77","1","166803000"
"1539","Cagwait","0","16","77","1","166804000"
"1540","Cantilan","0","16","77","1","166805000"
"1541","Carmen","0","16","77","1","166806000"
"1542","Carrascal","0","16","77","1","166807000"
"1543","Cortes","0","16","77","1","166808000"
"1544","Hinatuan","0","16","77","1","166809000"
"1545","Lanuza","0","16","77","1","166810000"
"1546","Lianga","0","16","77","1","166811000"
"1547","Lingig","0","16","77","1","166812000"
"1548","Madrid","0","16","77","1","166813000"
"1549","Marihatag","0","16","77","1","166814000"
"1550","San Agustin","0","16","77","1","166815000"
"1551","San Miguel","0","16","77","1","166816000"
"1552","Tagbina","0","16","77","1","166817000"
"1553","Tago","0","16","77","1","166818000"
"1554","City of Tandag (Capital)","1","16","77","1","166819000"
"1555","Basilisa (Rizal)","0","16","78","1","168501000"
"1556","Cagdianao","0","16","78","1","168502000"
"1557","Dinagat","0","16","78","1","168503000"
"1558","Libjo (Albor)","0","16","78","1","168504000"
"1559","Loreto","0","16","78","1","168505000"
"1560","San Jose (Capital)","0","16","78","1","168506000"
"1561","Tubajon","0","16","78","1","168507000"
"1562","Boac (Capital)","0","7","28","1","174001000"
"1563","Buenavista","0","7","28","1","174002000"
"1564","Gasan","0","7","28","1","174003000"
"1565","Mogpog","0","7","28","1","174004000"
"1566","Santa Cruz","0","7","28","1","174005000"
"1567","Torrijos","0","7","28","1","174006000"
"1568","Abra de Ilog","0","7","30","1","175101000"
"1569","Calintaan","0","7","30","1","175102000"
"1570","Looc","0","7","30","1","175103000"
"1571","Lubang","0","7","30","1","175104000"
"1572","Magsaysay","0","7","30","1","175105000"
"1573","Mamburao (Capital)","0","7","30","1","175106000"
"1574","Paluan","0","7","30","1","175107000"
"1575","Rizal","0","7","30","1","175108000"
"1576","SABLAYAN","0","7","30","1","175109000"
"1577","SAN JOSE","0","7","30","1","175110000"
"1578","SANTA CRUZ","0","7","30","1","175111000"
"1579","BACO","0","7","29","1","175201000"
"1580","BANSUD","0","7","29","1","175202000"
"1581","BONGABONG","0","7","29","1","175203000"
"1582","BULALACAO (SAN PEDRO)","0","7","29","1","175204000"
"1583","CITY OF CALAPAN (Capital)","1","7","29","1","175205000"
"1584","GLORIA","0","7","29","1","175206000"
"1585","MANSALAY","0","7","29","1","175207000"
"1586","NAUJAN","0","7","29","1","175208000"
"1587","PINAMALAYAN","0","7","29","1","175209000"
"1588","POLA","0","7","29","1","175210000"
"1589","PUERTO GALERA","0","7","29","1","175211000"
"1590","ROXAS","0","7","29","1","175212000"
"1591","SAN TEODORO","0","7","29","1","175213000"
"1592","SOCORRO","0","7","29","1","175214000"
"1593","VICTORIA","0","7","29","1","175215000"
"1594","ABORLAN","0","7","31","1","175301000"
"1595","AGUTAYA","0","7","31","1","175302000"
"1596","ARACELI","0","7","31","1","175303000"
"1597","BALABAC","0","7","31","1","175304000"
"1598","BATARAZA","0","7","31","1","175305000"
"1599","BROOKES POINT","0","7","31","1","175306000"
"1600","BUSUANGA","0","7","31","1","175307000"
"1601","CAGAYANCILLO","0","7","31","1","175308000"
"1602","CORON","0","7","31","1","175309000"
"1603","CUYO","0","7","31","1","175310000"
"1604","DUMARAN","0","7","31","1","175311000"
"1605","EL NIDO (BACUIT)","0","7","31","1","175312000"
"1606","LINAPACAN","0","7","31","1","175313000"
"1607","MAGSAYSAY","0","7","31","1","175314000"
"1608","NARRA","0","7","31","1","175315000"
"1609","PUERTO PRINCESA CITY (Capital)","1","7","31","1","175316000"
"1610","QUEZON","0","7","31","1","175317000"
"1611","ROXAS","0","7","31","1","175318000"
"1612","SAN VICENTE","0","7","31","1","175319000"
"1613","TAYTAY","0","7","31","1","175320000"
"1614","KALAYAAN","0","7","31","1","175321000"
"1615","CULION","0","7","31","1","175322000"
"1616","RIZAL (MARCOS)","0","7","31","1","175323000"
"1617","SOFRONIO ESPANOLA","0","7","31","1","175324000"
"1618","ALCANTARA","0","7","32","1","175901000"
"1619","BANTON","0","7","32","1","175902000"
"1620","CAJIDIOCAN","0","7","32","1","175903000"
"1621","CALATRAVA","0","7","32","1","175904000"
"1622","CONCEPCION","0","7","32","1","175905000"
"1623","CORCUERA","0","7","32","1","175906000"
"1624","LOOC","0","7","32","1","175907000"
"1625","MAGDIWANG","0","7","32","1","175908000"
"1626","ODIONGAN","0","7","32","1","175909000"
"1627","ROMBLON (Capital)","0","7","32","1","175910000"
"1628","SAN AGUSTIN","0","7","32","1","175911000"
"1629","SAN ANDRES","0","7","32","1","175912000"
"1630","SAN FERNANDO","0","7","32","1","175913000"
"1631","SAN JOSE","0","7","32","1","175914000"
"1632","SANTA FE","0","7","32","1","175915000"
"1633","FERROL","0","7","32","1","175916000"
"1634","SANTA MARIA (IMELDA)","0","7","32","1","175917000"
"-98","UNDETERMINED","0","-98","-98","1","0"
"-99","NOT APPLICABLE","0","-99","-99","1","0"
